student-name,citation,doi,field,participants-N,participants-male,participants-female,participants-nonbin,race-ethn-reported,income-or-ses-reported,location-reported,general-sample,participants-Asian-Pacificislander,participants-Black,participants-Latinx,participants-NativeAm,participants-White,participants-multi-other
Jamil B,"Sequeira, S. L., Silk, J. S., Hutchinson, E., Jones, N. P., & Ladouceur, C. D. (2021). Neural responses to social reward predict depressive symptoms in adolescent girls during the CoViD-19 pandemic. Journal of pediatric psychology.",https://doi.org/10.1093/jpepsy/jsab037,"dev,neuro,social",65,0,65,0,no,no,yes,no,na,na,na,na,na,na
Bridgette Byrd,"Hoffman, K. M., Trawalter, S., Axt, J. R., & Oliver, M. N. (2016). Racial bias in pain assessment and treatment recommendations, and false beliefs about biological differences between blacks and whites. Proceedings of the National Academy of Sciences of the United States of America, 113(16), 4296–4301. https://www.jstor.org/stable/26469319",https://www.jstor.org/stable/26469319,"psych, bio, social",314,238,76,0,yes,no,yes,no,n/a,no,n/a,n/a,yes,n/a
Bridgette Byrd,"FUENTES, HART-JOHNSON, T., & GREEN, C. R. (2007). The association among neighborhood socioeconomic status, race and chronic pain in black and white older adults. Journal of the National Medical Association, 99(10), 1160–1169.",,"psych, social",2070,828,1242,0,yes,yes,no,yes,n/a,yes,n/a,n/a,yes,n/a
Bridgette Byrd,"Esteve, López-Martínez, A. E., Peters, M. L., Serrano-Ibáñez, E. R., Ruiz-Párraga, G. T., & Ramírez-Maestre, C. (2018). Optimism, Positive and Negative Affect, and Goal Adjustment Strategies: Their Relationship to Activity Patterns in Patients with Chronic Musculoskeletal Pain. Pain Research & Management, 2018, 1–12. https://doi.org/10.1155/2018/6291719",https://doi.org/10.1155/2018/6291719,"psych, cognitive",237,45,192,0,no,yes,yes,no,n/a,n/a,n/a,n/a,n/a,n/a
Bridgette Byrd,"Contrada, Ashmore, R. D., Gary, M. L., Coups, E., Egeth, J. D., Sewell, A., Ewell, K., Goyal, T. M., & Chasse, V. (2001). Measures of Ethnicity-Related Stress: Psychometric Properties, Ethnic Group Differences, and Associations With Well-Being. Journal of Applied Social Psychology, 31(9), 1775–1820. https://doi.org/10.1111/j.1559-1816.2001.tb00205.x",https://doi.org/10.1111/j.1559-1816.2001.tb00205.x,"psych, social",333,91,242,0,yes,no,yes,no,60,34,31,n/a,208,n/a
Bridgette Byrd,"Onyeador, I. N., Daumeyer, N. M., Rucker, J. M., Duker, A., Kraus, M. W., & Richeson, J. A. (2021). Disrupting Beliefs in Racial Progress: Reminders of Persistent Racism Alter Perceptions of Past, But Not Current, Racial Economic Equality. Personality and Social Psychology Bulletin, 47(5), 753–765. ",https://doi.org/10.1177/0146167220942625,"psych, social, personality",1512,611,900,1,yes,yes,yes,no,n/a,n/a,n/a,n/a,yes,n/a
Bridgette Byrd,"RAIO, OREDERU, T. A., PALAZZOLO, L., SHURICK, A. A., & PHELPS, E. A. (2013). Cognitive emotion regulation fails the stress test. Proceedings of the National Academy of Sciences - PNAS, 110(37), 15139–15144. https://doi.org/10.1073/pnas.1305706110",https://www.pnas.org/cgi/doi/10.1073/pnas.1305706110,"neuro, cognitive",78,39,39,0,no,no,no,yes,n/a,n/a,n/a,n/a,n/a,n/a
Bridgette Byrd,"Engert, Kok, B. E., Papassotiriou, I., Chrousos, G. P., & Singer, T. (2017). Specific reduction in cortisol stress reactivity after social but not attention-based mental training. Science Advances, 3(10), e1700495–e1700495. https://doi.org/10.1126/sciadv.1700495",https://doi.org/10.1126/sciadv.1700495,"neuro, cognitive",313,128,185,0,no,no,no,yes,n/a,n/a,n/a,n/a,n/a,n/a
Bridgette Byrd,"Dakin, Laham, S. M., Tan, N. P.-J., & Bastian, B. (2021). Searching for meaning is associated with costly prosociality. PloS One, 16(10), e0258769–e0258769. https://doi.org/10.1371/journal.pone.0258769",https://doi.org/10.1371/journal.pone.0258769,"psych, social",771,423,347,0,no,no,no,yes,n/a,n/a,n/a,n/a,n/a,n/a
Bridgette Byrd,"Taylor A. FioRito, Clay Routledge, Jeremy Jackson, (2021). Meaning-motivated community action: The need for meaning and prosocial goals and behavior, Personality and Individual Differences, Volume 171, 110462, ISSN 0191-8869, https://doi.org/10.1016/j.paid.2020.110462 ",https://doi.org/10.1016/j.paid.2020.110462,"psych, social, personality",1010,449,561,0,no,no,yes,no,n/a,n/a,n/a,n/a,n/a,n/a
Bridgette Byrd,"Keefe, Affleck, G., Lefebvre, J. C., Starr, K., Caldwell, D. S., & Tennen, H. (1997). Pain coping strategies and coping efficacy in rheumatoid arthritis: a daily process analysis. Pain (Amsterdam), 69(1), 35–42. https://doi.org/10.1016/S0304-3959(96)03246-0",https://doi.org/10.1016/S0304-3959(96)03246-0,"psych, cognitive",55,4,49,0,no,no,yes,yes,,,,,,
Zion Crichlow,"Steinmetz, Sarah E, Gray, Matt J & Clapp, Joshua D. (2019). Development and evaluation of the perpetration-induced distress scale for measuring shame and guilt in civilian populations. Journal of Traumatic Stress, 32, 437-447. https://doi.org/10.1002/jts.22377",Development and Evaluation of the Perpetration‐Induced Distress Scale for Measuring Shame and Guilt in Civilian Populations - Steinmetz - 2019 - Journal of Traumatic Stress - Wiley Online Library,other,515,245,270,3,yes,yes,yes,yes,32,39,51,1,424,25
Zion Crichlow,"Chaplo, Shannon D, Kerig, Patricia K & Wainryb, Cecilia. (2019). Development and validation of the moral injury scales for youth. Journal of Traumatic Stress, 32, 448-458. https://doi.org/10.1002/jts.22408",Development and Validation of the Moral Injury Scales for Youth - Chaplo - 2019 - Journal of Traumatic Stress - Wiley Online Library,"other, dev",473,101,372,n/a,yes,no,yes,no,57,9,49,3,338,17
Zion Crichlow,"Kerig, Patricia K, Chaplo, Shannon D, Bennett, Diana C & Modrowski, Crosby A. (2016). ""Harm as harm"": Gang membership, perpetration trauma, and posttraumatic stress symptoms among youth in the juvenile justice system. Criminal Justice and Behavior, 43, 635-652. https://doi.org/10.1177/0093854815607307","“Harm as Harm”: Gang Membership, Perpetration Trauma, and Posttraumatic Stress Symptoms Among Youth in the Juvenile Justice System - Patricia K. Kerig, Shannon D. Chaplo, Diana C. Bennett, Crosby A. Modrowski, 2016 (sagepub.com)","other, dev",660,484,176,n/a,yes,no,yes,no,7,30,153,21,413,36
Sharon Chin,"Albuja, A.F., Gaither, S.E., Sanchez, D.T., Straka, B. and Cipollina, R. (2019), Psychophysiological Stress Responses to Bicultural and Biracial Identity Denial. Journal of Social Issues, 75: 1165-1191. 
https://doi.org/10.1111/josi.12347
",https://doi.org/10.1111/josi.12347,"psych, soc, neuro",245,87,158,na,yes,no,no,no,na,na,na,na,na,119
Sharon Chin,"Gaither, S. E., Remedios, J. D., Sanchez, D. T., & Sommers, S. R. (2015). Thinking Outside the Box: Multiple Identity Mind-Sets Affect Creative Problem Solving. Social Psychological and Personality Science, 6(5), 596–603. 
https://doi.org/10.1177/1948550614568866",https://doi.org/10.1177/1948550614568866,"pers, soc",319,148,171,na,yes,no,no,no,51,14,14,3,176,61
Sharon Chin,"Rozek, C. S., & Gaither, S. E. (2021). Not Quite White or Black: Biracial Students’ Perceptions of Threat and Belonging Across School Contexts. The Journal of Early Adolescence, 41(9), 1308–1337. 
https://doi.org/10.1177/0272431620950476",https://doi.org/10.1177/0272431620950476,"dev, other",1399,713,686,na,yes,no,yes,no,0,280,0,0,1009,110
Sharon Chin,"Albuja, A. F., Sanchez, D. T., & Gaither, S. E. (2019). Identity Denied: Comparing American or White Identity Denial and Psychological Health Outcomes Among Bicultural and Biracial People. Personality and Social Psychology Bulletin, 45(3), 416–430. 
https://doi.org/10.1177/0146167218788553
",https://doi.org/10.1177/0146167218788553,"pers, soc",1853,890,963,na,yes,no,yes,no,366,24,483,0,92,888
Sharon Chin,"Stroink, M. L., & Lalonde, R. N. (2009). Bicultural identity conflict in second-generation Asian Canadians. The Journal of social psychology, 149(1), 44–65. https://doi.org/10.3200/SOCP.149.1.44-65",https://doi.org/10.3200/SOCP.149.1.44-65,soc,251,55,194,na,yes,no,yes,no,251,0,0,0,0,0
Sharon Chin,"Heintzelman, S. J., & King, L. A. (2019). Routines and Meaning in Life. Personality and Social Psychology Bulletin, 45(5), 688–699. https://doi.org/10.1177/0146167218795133",https://doi.org/10.1177/0146167218795133,"pers, soc",402,183,214,na,yes,no,no,yes,8,9,8,0,94,5
Sharon Chin,"Umaña-Taylor, A. J., Yazedjian, A., & Bámaca-Gómez, M. (2004). Developing the ethnic identity scale using Eriksonian and social identity perspectives. Identity: An International Journal of Theory and Research, 4(1), 9–38. https://doi.org/10.1207/S1532706XID0401_2",https://doi.org/10.1207/S1532706XID0401_2,soc,846,269,571,na,yes,no,yes,no,160,95,120,0,340,59
Sharon Chin,"Jaspal, R. (2021). Identity Threat and Coping Among British South Asian Gay Men During the COVID-19 Lockdown. Sexuality & Culture, 25, 1428–1446. https://doi.org/10.1007/s12119-021-09817-w",https://doi.org/10.1007/s12119-021-09817-w,other,15,15,0,na,yes,no,yes,no,15,0,0,0,0,0
Sharon Chin,"Lu L. (2008). The individual-oriented and social-oriented Chinese bicultural self: testing the theory. The Journal of social psychology, 148(3), 347–373. https://doi.org/10.3200/SOCP.148.3.347-374",https://doi.org/10.3200/SOCP.148.3.347-374,soc,1076,393,662,na,yes,no,yes,no,1076,0,0,0,0,0
Sharon Chin,"Kahn, K. B., & Money, E. E. L. (2021). (Un)masking threat: Racial minorities experience race-based social identity threat wearing face masks during COVID-19. Group Processes & Intergroup Relations.
https://doi.org/10.1177/13684302219987811",https://doi.org/10.1177/13684302219987811,other,1310,684,626,na,yes,no,yes,no,276,246,0,0,788,113
Zion Crichlow,"Boxer, Paul, Morris, Amanda Sheffield, Terranova, Andrew M, Kithakye, Mumbe, Savoy, Sarah C & McFaul, Adrienne F. (2008). Coping with exposure to violence: Relations to emotional symptoms and aggression in three urban samples. Journal of Child and Family Studies, 17, 881-893. https://doi.org/10.1007/s10826-008-9196-z",Coping with Exposure to Violence: Relations to Emotional Symptoms and Aggression in Three Urban Samples | SpringerLink (rutgers.edu),dev,105,57,48,n/a,yes,yes,yes,no,n/a,98,n/a,n/a,n/a,7
,,,,,,,,,,,,,,,,,
Zion Crichlow,"Boxer, Paul, Schappell, Ashley, Middlemass, Keesha & Mercado, Ignacio. (2011). Cognitive and emotional covariates of violence exposure among former prisoners: Links to antisocial behavior and emotional distress and implications for theory. Aggressive Behavior, 37, 465-475. https://doi.org/10.1002/ab.20405",Cognitive and emotional covariates of violence exposure among former prisoners: links to antisocial behavior and emotional distress and implications for theory - PubMed (nih.gov),dev,123,123,0,n/a,yes,no,yes,no,n/a,95,6,n/a,20,2
,,,,,,,,,,,,,,,,,
Zion Crichlow,"Huesmann, L. Rowell, Dubow, Eric F, Boxer, Paul, Bushman, Brad J, Smith, Cathy, Docherty, Meagan, et al. (2021). Longitudinal predictions of young adults' weapons use and criminal behavior from their childhood exposure to violence. Aggressive Behavior, No Pagination Specified. https://doi.org/10.1002/ab.21984",Longitudinal predictions of young adults' weapons use and criminal behavior from their childhood exposure to violence - PubMed (nih.gov),dev,649,332,317,n/a,yes,yes,yes,no,n/a,494,n/a,n/a,45,110
,,,,,,,,,,,,,,,,,
Zion Crichlow,"DePasque, Samantha & Tricomi, Elizabeth. (2015). Effects of intrinsic motivation on feedback processing during learning. NeuroImage, 119, 175-186. https://doi.org/10.1016/j.neuroimage.2015.06.046",Effects of intrinsic motivation on feedback processing during learning - PubMed (nih.gov),neuro,42,13,29,n/a,no,no,yes,no,n/a,n/a,n/a,n/a,n/a,n/a
,,,,,,,,,,,,,,,,,
Zion Crichlow,"Blackwell, Lisa S, Trzesniewski, Kali H & Dweck, Carol Sorich. (2007). Implicit Theories of Intelligence Predict Achievement Across an Adolescent Transition: A Longitudinal Study and an Intervention. Child Development, 78, 246-263. https://doi.org/10.1111/j.1467-8624.2007.00995.x",Implicit theories of intelligence predict achievement across an adolescent transition: a longitudinal study and an intervention - PubMed (nih.gov),neuro,472,225,247,n/a,yes,yes,yes,no,71,253,134,n/a,14,n/a
,,,,,,,,,,,,,,,,,
Zion Crichlow,"Graves, William W, Desai, Rutvik, Humphries, Colin, Seidenberg, Mark S & Binder, Jeffrey R. (2010). Neural systems for reading aloud: A multiparametric approach. Cerebral Cortex, 20, 1799-1815. https://doi.org/10.1093/cercor/bhp245",Neural systems for reading aloud: a multiparametric approach - PubMed (nih.gov),neuro,20,7,13,n/a,no,no,no,no,n/a,n/a,n/a,n/a,n/a,n/a
,,,,,,,,,,,,,,,,,
Zion Crichlow,"Myers, Chelsea A, Wang, Cheng, Black, Jessica M, Bugescu, Nicolle & Hoeft, Fumiko. (2016). The matter of motivation: Striatal resting-state connectivity is dissociable between grit and growth mindset. Social Cognitive and Affective Neuroscience, 11, 1521-1527. https://doi.org/10.1093/scan/nsw065","Myers, Chelsea A, Wang, Cheng, Black, Jessica M, Bugescu, Nicolle & Hoeft, Fumiko. (2016). The matter of motivation: Striatal resting-state connectivity is dissociable between grit and growth mindset. Social Cognitive and Affective Neuroscience, 11, 1521-1527. https://doi.org/10.1093/scan/nsw065",neuro,20,11,9,n/a,no,yes,no,no,n/a,n/a,n/a,n/a,n/a,n/a
Wesley Ameden,"Dobryakova, E., Jessup, R. K., & Tricomi, E. (2017). Modulation of ventral striatal activity by cognitive effort. NeuroImage, 147, 330–338.",https://doi.org/10.1016/j.neuroimage.2016.12.029,"cog,neuro",22,13,9,na,no,no,no,yes,na,na,na,na,na,na
Wesley Ameden,"Sullivan-Toole, H., Dobryakova, E., DePasque, S., & Tricomi, E. (2019). Reward circuitry activation reflects social preferences in the face of cognitive effort. Neuropsychologia, 123, 55–66. ",https://doi.org/10.1016/j.neuropsychologia.2018.06.011,"cog,neuro",20,10,10,na,no,no,no,yes,na,na,na,na,na,na
Wesley Ameden,"Lockwood, P. L., Hamonet, M., Zhang, S. H., Ratnavel, A., Salmony, F. U., Husain, M., & Apps, M. A. J. (2017). Prosocial apathy for helping others when effort is required. Nature Human Behaviour, 1(7), 0131. ",https://doi.org/10.1038/s41562-017-0131,"cog,neuro",111,49,62,na,no,no,no,yes,na,na,na,na,na,na
Wesley Ameden,"Botvinick, M. M., Huffstetler, S., & McGuire, J. T. (2009). Effort discounting in human nucleus accumbens. Cognitive, Affective, & Behavioral Neuroscience, 9(1), 16–27. https://doi.org/10.3758/CABN.9.1.16",https://doi.org/10.3758/CABN.9.1.16,"cog,neuro",45,15,30,na,no,no,yes,yes,na,na,na,na,na,na
Wesley Ameden,"Sip, K. E., Smith, D. V., Porcelli, A. J., Kar, K., & Delgado, M. R. (2015). Social closeness and feedback modulate susceptibility to the framing effect. Social Neuroscience, 10(1), 35–45. ",https://doi.org/10.1080/17470919.2014.944316,"soc,neuro",59,29,30,na,no,no,yes,yes,na,na,na,na,na,na
Wesley Ameden,"Decker, J. H., Otto, A. R., Daw, N. D., & Hartley, C. A. (2016). From Creatures of Habit to Goal-Directed Learners: Tracking the Developmental Emergence of Model-Based Reinforcement Learning. Psychological Science, 27(6), 848–858. ",https://doi.org/10.1177/0956797616639301,"dev,cog",59,25,34,na,no,no,no,yes,na,na,na,na,na,na
Wesley Ameden,"Treadway, M. T., Buckholtz, J. W., Schwartzman, A. N., Lambert, W. E., & Zald, D. H. (2009). Worth the ‘EEfRT’? The Effort Expenditure for Rewards Task as an Objective Measure of Motivation and Anhedonia. PLoS ONE, 4(8), e6598. ",https://doi.org/10.1371/journal.pone.0006598,"cog,other",61,22,39,na,no,no,yes,yes,na,na,na,na,na,na
Wesley Ameden,"Ludwig, R. M., Srivastava, S., & Berkman, E. T. (2019). Predicting Exercise With a Personality Facet: Planfulness and Goal Achievement. Psychological Science, 30(10), 1510–1521. ",https://doi.org/10.1177/0956797619868812,soc,282,116,166,na,yes,no,yes,yes,na,na,na,na,200,na
Wesley Ameden,"Depow, G. J., Lin, H., & Inzlicht, M. (2021). Prosocial Effort and the Role of Self-other Overlap [Preprint]. PsyArXiv.
",https://doi.org/10.31234/osf.io/zr3we,"cog,soc",97,23,74,na,no,no,yes,yes,na,na,na,na,na,na
Wesley Ameden,"Daw, N. D., Gershman, S. J., Seymour, B., Dayan, P., & Dolan, R. J. (2011). Model-based influences on humans’ choices and striatal prediction errors. Neuron, 69(6), 1204–1215. ",https://doi.org/10.1016/j.neuron.2011.02.027,"cog,neuro",17,12,5,na,no,no,no,yes,na,na,na,na,na,na
Cory McCabe,"Kunert, R., Willems, R.M., Casasanto, D., Patel, A.D., & Hagoort, P. (2015). Music and Language Syntax Interact in Broca's Area: An fMRI Study. PLoS ONE, 10(11), e0141069. ","
https://doi.org/10.1371/journal.pone.0141069","cog,neuro",19,7,12,na,yes,no,no,yes,na,na,na,na,na,na
Cory McCabe,"Rogalsky, C., Rong, F., Saberi, K., & Hickok, G. (2011). Functional Anatomy of Language and Music Perception: Temporal and Structural Factors Investigated Using Functional Magnetic Resonance Imaging. The Journal of Neuroscience, 31(10), 3843-3852. ",https://doi.org/10.1523/JNEUROSCI.4515-10.2011,"cog,neuro",20,9,11,na,no,no,no,yes,na,na,na,na,na,na
Cory McCabe,"Stockert, A., Wawrzyniak, M., Klingbeil, J., Wrede, K., Kummerer, D., Hartwigsen, G., Kaller, C., Weiller, C., & Saur, D. (2020). Dynamics of language reorganization after left temporo-parietal and frontal stroke. Brain, 143(3), 844-861.",https://doi.org/10.1093/brain/awaa023,"cog,neuro",51,36,15,na,no,no,yes,yes,na,na,na,na,na,na
Cory McCabe,"Siegelman, N., van der Bunt, M.R., Lo, J.C.M., Rueckl, J.G., & Pugh, K.R. (2021). Theory-driven classification of reading difficulties from fmri data using Bayesian laten-mixture models. Neuroimage, 242 (15), 118476.",https://doi.org/10.1016/j.neuroimage.2021.118476,"cog,neuro",127,72,55,na,no,no,no,yes,na,na,na,na,na,na
Cory McCabe,"Aube, W., Angulo-Perkins, A., Peretz, I., Concha, L., & Armony, J.L. (2014). Fear across the senses: brain responses to music, vocalizations and facial expressions. Social Cognitive and Affective Neuroscience, 10(3), 399-407.",https://doi.org/10.1093/scan/nsu067,"soc,cog,neuro",47,27,20,na,no,no,no,yes,na,na,na,na,na,na
Cory McCabe,"Wang, X., & Bi, Y. (2021). Idiosyncratic Tower of Babel: Individual Differences in Word-Meaning Representation Increase Word Abstractness Increases. Psychological Science, 32(10), 1617-1635.",https://doi.org/10.1177%2F09567976211003877,"cog,neuro",21,10,11,na,yes,no,yes,yes,na,na,na,na,na,na
Cory McCabe,"Dolder, P.C., Schmid, Y., Muller, F., Borgwardt, S., & Liechti, M. (2016). LSD Acutely Impairs Fear Recognition and Enahcnes Emotional Empathy and Sociality. Neuropsychopharmacology, 41, 2638-2646.",https://doi.org/10.1038/npp.2016.822,"soc,cog,neuro",40,20,20,na,no,no,yes,yes,na,na,na,na,na,na
Cory McCabe,"Mueller, F., Lenz, C., Dolder, P.C., Harder, S., Schmid, Y., Lang, U.E., Liechti, M.E., & Bogwardt, S. (2017). Acute Effects of LSD on amygdala activty during processing of fearful stimuli in healthy subjects. Translational Psychiatry, 7(4), e1084. ",https://doi.org/10.1038/tp.2017.54,"cog,neuro",20,9,11,na,no,no,no,yes,na,na,na,na,na,na
Cory McCabe,"Hirel, C., Nighoghossian, N., Leveque, Y., Hannoun, S., Fornoni, L., Daligault, S., Bouchet, P., Jung, J., Tillmann, B., & Caclin, A. (2017). Verbal and musical short-term memory: Variety of auditory disorders after stroke. Brain and Cognition, 113, 10-22.",https://doi.org/10.1016/j.bandc.2017.01.003,"cog,neuro",34,18,16,na,no,no,no,yes,na,na,na,na,na,na
Cory McCabe,"Sun, Y., Lu, X., Ho, H.T., & Thompson, W.F. (2017). Pitch Discrimination associated with phonological awareness: Evidence from congenital amusia. Scientific Reports, 7, 44285. ",https://doi.org/10.1038/srep44285,"cog,neuro",40,14,26,na,no,no,no,yes,na,na,na,na,na,na
Tahia W,"Clewett, D., Gasser, C., & Davachi, L. (2020). Pupil-linked arousal signals track the temporal organization of events in memory. Nature Communications, 11(1), 4007. ",https://doi.org/10.1038/s41467-020-17851-9,"cog,neuro",112,44,68,na,na,na,yes,yes,na,na,na,na,na,na
Tahia W,"Peer, M., & Epstein, R. A. (2021). The human brain uses spatial schemas to represent segmented environments. Current Biology: CB. https://doi.org/10.1016/j.cub.2021.08.012",https://doi.org/10.1016/j.cub.2021.08.012,"cog,neuro",24,9,15,na,na,na,yes,yes,na,na,na,na,na,na
Tahia W,"Alós-Ferrer, C., Jaudas, A., & Ritschel, A. (2021). Effortful Bayesian updating: A pupil-dilation study. Journal of Risk and Uncertainty, 63(1), 81–102.",https://doi.org/10.1007/s11166-021-09358-5,"cog,neuro",56,28,28,na,na,na,yes,yes,na,na,na,na,na,na
Tahia W,"Yazin, F., Das, M., Banerjee, A., & Roy, D. (2021). Contextual prediction errors reorganize naturalistic episodic memories in time. Scientific Reports, 11(1), 12364.",https://doi.org/10.1038/s41598-021-90990-1,"cog,neuro",24,16,8,na,na,na,no,yes,na,na,na,na,na,na
Tahia W,"Hon, N., & Yeo, N. (2021). Having a sense of agency can improve memory. Psychonomic Bulletin & Review, 28(3), 946–952.",https://doi.org/10.3758/s13423-020-01849-x,"cog,neuro",60,na,na,na,na,na,yes,yes,na,na,na,na,na,na
Tahia W,"Vatansever, D., Smallwood, J., & Jefferies, E. (2021). Varying demands for cognitive control reveals shared neural processes supporting semantic and episodic memory retrieval. Nature Communications, 12(1), 2134.",https://doi.org/10.1038/s41467-021-22443-2,"cog,neuro",186,74,112,na,na,na,no,yes,na,na,na,na,na,na
Tahia W,"McFadyen, J., Nolan, C., Pinocy, E., Buteri, D., & Baumann, O. (2021). Doorways do not always cause forgetting: a multimodal investigation. BMC Psychology, 9(1), 41.","https://doi.org/10.1186/s40359-021-00536-3
","cog,neuro",74,33,41,na,na,na,yes,yes,na,na,na,na,na,na
Tahia W,"Monk, A. M., Dalton, M. A., Barnes, G. R., & Maguire, E. A. (2021). The Role of Hippocampal-Ventromedial Prefrontal Cortex Neural Dynamics in Building Mental Representations. Journal of Cognitive Neuroscience, 33(1), 89–103.",https://doi.org/10.1162/jocn_a_01634,"cog,neuro",20,7,13,na,na,na,yes,yes,na,na,na,na,na,na
Tahia W,"Gauthier, B., Bréchet, L., Lance, F., Mange, R., Herbelin, B., Faivre, N., Bolton, T. A. W., Ville, D. V. D., & Blanke, O. (2020). First-person body view modulates the neural substrates of episodic memory and autonoetic consciousness: A functional connectivity study. NeuroImage, 223, 117370.",https://doi.org/10.1016/j.neuroimage.2020.117370,"cog,neuro",30,17,13,na,na,na,no,yes,na,na,na,na,na,na
Tahia W,"Xiao, X., Zhou, Y., Liu, J., Ye, Z., Yao, L., Zhang, J., Chen, C., & Xue, G. (2020). Individual-specific and shared representations during episodic memory encoding and retrieval. NeuroImage, 217, 116909.",https://doi.org/10.1016/j.neuroimage.2020.116909,"cog,neuro",20,11,9,na,na,na,no,yes,na,na,na,na,na,na
Anushka B,"  Georgiou, N., Delfabbro, P., & Balzan, R. (2021). Conspiracy-Beliefs and Receptivity to Disconfirmatory Information: A Study Using the BADE Task. SAGE Open. ",https://doi.org/10.1177/21582440211006131,"soc, cog",358,210,148,na,no,yes,yes,yes,na,na,na,na,na,na
Anushka B,"Murphy, G., Lynch, L., Loftus, E., & Egan, R. (2021). Push polls increase false memories for fake news stories. Memory (Hove, England), 29(6), 693–707. ",https://doi.org/10.1080/09658211.2021.1934033,cog,1290,561,729,na,no,yes,no,yes,na,na,na,na,na,na
Anushka B,"BOR, A., & PETERSEN, M. (2021). The Psychology of Online Political Hostility: A Comprehensive, Cross-National Test of the Mismatch Hypothesis. American Political Science Review, 1-18. ",https://doi.org/10.1017/S0003055421000885,soc,8434,3868,4566,na,yes,no,yes,yes,na,na,na,na,na,na
Anushka B,"Wohltjen, S., & Wheatley, T. (2021). Eye contact marks the rise and fall of shared attention in conversation. Proceedings Of The National Academy Of Sciences, 118(37), e2106645118. doi: 10.1073/pnas.2106645118",https://doi.org/10.1073/pnas.2106645118,"cog , other",186,66,120,na,no,yes,yes,yes,na,na,na,na,na,na
Anushka B,"van Baar, J., Halpern, D., & Feldman Hall, O. (2021). Intolerance of uncertainty modulates brain-to-brain synchrony during politically polarized perception. Proceedings Of The National Academy Of Sciences, 118(20), e2022491118. doi: 10.1073/pnas.2022491118",https://doi.org/10.1073/pnas.2022491118,"cog, neuro",43,26,17,na,no,yes,yes,yes,na,na,na,na,na,na
Chenqi Gao,"Banchefsky S, Westfall J, Park B, Judd CM. But You Don’t Look Like A Scientist!: Women Scientists with Feminine Appearance are Deemed Less Likely to be Scientists. Sex roles. 2016;75(3):95-109. doi:10.1007/s11199-016-0586-1", https://doi.org/10.1007/s11199-016-0586-1,soc,51,25,26,na,yes,no,no,no,yes,yes,yes,no,yes,yes
Chenqi Gao,"Cheryan S, Plaut VC, Handron C, Hudson L. The Stereotypical Computer Scientist: Gendered Media Representations as a Barrier to Inclusion for Women. Sex roles. 2013;69(1):58-71. doi:10.1007/s11199-013-0296-x",http://doi.org/10.1007/s11199-013-0296-x,soc,60,27,32,na,no,no,no,no,no,no,no,no,no,no
Chenqi Gao,"Davies PG, Spencer SJ, Quinn DM, Gerhardstein R. Consuming Images: How Television Commercials that Elicit Stereotype Threat Can Restrain Women Academically and Professionally. Personality & social psychology bulletin. 2002;28(12):1615-1628. doi:10.1177/014616702237644",http://doi.org/10.1177/014616702237644,soc,67,33,34,no,no,no,no,no,no,no,no,no,no,no
Anushka B,"OSMUNDSEN, M., BOR, A., VAHLSTRUP, P., BECHMANN, A., & PETERSEN, M. (2021). Partisan Polarization Is the Primary Psychological Motivation behind Political Fake News Sharing on Twitter. American Political Science Review, 115(3), 999-1015. ",https://doi.org/10.1017/S0003055421000290,soc,2337,1168,1169,na,yes,yes,yes,yes,na,na,na,na,1636,na
Anushka B,"Panzeri, F., Di Paola, S., & Domaneschi, F. (2021). Does the COVID-19 war metaphor influence reasoning?. PloS one, 16(4), e0250651. https://doi.org/10.1371/journal.pone.0250651",https://doi.org/10.1371/journal.pone.0250651,soc,202,73,129,na,no,no,no,yes,na,na,na,na,na,na
Anushka B,"Van Prooijen, J., Etienne, T., Kutiyski, Y., & Krouwel, A. (2021). Conspiracy beliefs prospectively predict health behavior and well-being during a pandemic. Psychological Medicine, 1-8. doi:10.1017/S0033291721004438",https://doi.org/10.1017/S0033291721004438,"soc, pers",5745,4070,1675,na,no,yes,yes,yes,na,na,na,na,na,na
Chenqi Gao,"Paustian-Underdahl SC, Walker LS. Revisiting the beauty is beastly effect: examining when and why sex and attractiveness impact hiring judgments. International journal of human resource management. 2016;27(10):1034-1058. doi:10.1080/09585192.2015.1053963",http://doi.org/10.1080/09585192.2015.1053963,soc,166,48,95,na,yes,no,no,no,no,yes,no,no,yes,no
Chenqi Gao,"Degner J, Mangels J, Zander L. Visualizing Gendered Representations of Male and Female Teachers Using a Reverse Correlation Paradigm. Social psychology (Göttingen, Germany). 2019;50(4):233-251. doi:10.1027/1864-9335/a000382",http://doi.org/10.1027/1864-9335/a000382,soc,96,na,67,na,yes,no,no,no,no,no,no,no,no,no
Anushka B,"Dewald-Kaufmann, J., Wüstenberg, T., Barton, B., Goerigk, S., Reinhard, M., & Musil, R. et al. (2021). Dynamics of the immediate behavioral response to partial social exclusion. Scientific Reports, 11(1). ",https://doi.org/10.1038/s41598-020-80039-0,soc,162,46,116,na,no,yes,yes,yes,na,na,na,na,na,na
Chenqi Gao,"Imhoff R, Woelki J, Hanke S, Dotsch R. Warmth and competence in your face! Visual encoding of stereotype content. Frontiers in psychology. 2013;4:386-386. doi:10.3389/fpsyg.2013.00386",http://doi.org/10.3389/fpsyg.2013.00386,soc,92,12,80,na,no,no,no,no,no,no,no,no,no,no
Chenqi Gao,"Huerta M, Cortina LM, Pang JS, Torges CM, Magley VJ. Sex and Power in the Academy: Modeling Sexual Harassment in the Lives of College Women. Personality & social psychology bulletin. 2006;32(5):616-628. doi:10.1177/0146167205284281",http://doi.org/10.1177/0146167205284281,soc,3347,na,"1,455",na,yes,no,no,no,yes,yes,yes,yes,yes,no
Anushka B,"Pennycook, G., Cannon, T. D., & Rand, D. G. (2018). Prior exposure increases perceived accuracy of fake news. Journal of experimental psychology. General, 147(12), 1865–1880. ",https://doi.org/10.1037/xge0000465,"soc, cog",2298,1056,1223,19,no,no,no,yes,na,na,na,na,na,na
Chenqi Gao,"Halpern HP, Perry-Jenkins M. Parents’ Gender Ideology and Gendered Behavior as Predictors of Children’s Gender-Role Attitudes: A Longitudinal Exploration. Sex roles. 2015;74(11-12):527-542. doi:10.1007/s11199-015-0539-0",http://doi.org.10.1007/s11199-015-0539-0,"soc,dev",109,no,no,no,no,yes,no,no,no,no,no,no,no,no
Chenqi Gao,"Kiefer A, Sekaquaptewa D, Barczyk A. When appearance concerns make women look bad: Solo status and body image concerns diminish women’s academic performance. Journal of experimental social psychology. 2006;42(1):78-86. doi:10.1016/j.jesp.2004.12.004",http://doi.org/10.1016/j.jesp.2004.12.004,soc,129,no,129,no,no,on,no,no,no,no,no,no,no,no
Chenqi Gao,"Kinias Z, Kim HS. Culture and gender inequality: Psychological consequences of perceiving gender inequality. Group processes & intergroup relations. 2012;15(1):89-103. doi:10.1177/1368430211408940",http://doi.10.1177/1368430211408940,soc,88,no,88,no,yes,no,no,no,no,no,no,no,no,no
,,,,,,,,,,,,,,,,,
Omar Albastaki,"Swaminathan, V., Page, K. L., Gürhan‐Canli, Z., & John Deighton served as editor and Susan Broniarczyk served as associate editor for this article. (2007). “My” Brand or “Our” Brand: The Effects of Brand Relationship Dimensions and Self‐Construal on Brand Evaluations. Journal of Consumer Research, 34(2), 248–259. https://doi.org/10.1086/518539",https://doi.org/10.1086/518539,conbeh,100,na,na,na,no,no,yes,yes,na,na,na,na,na,na
Omar Albastaki,"Swaminathan, V., Page, K. L., Gürhan‐Canli, Z., & John Deighton served as editor and Susan Broniarczyk served as associate editor for this article. (2007). “My” Brand or “Our” Brand: The Effects of Brand Relationship Dimensions and Self‐Construal on Brand Evaluations. Journal of Consumer Research, 34(2), 248–259. https://doi.org/10.1086/518540",https://doi.org/10.1086/518540,conbeh,370,185,185,na,no,no,yes,yes,na,na,na,na,na,na
Omar Albastaki,"Berger, J., Sorensen, A. T., & Rasmussen, S. J. (2010). Positive Effects of Negative Publicity: When Negative Reviews Increase Sales. Marketing Science, 29(5), 815–827. http://www.jstor.org/stable/40864667",https://doi.org/10.1287/mksc.1090.0557,conbeh,389,na,na,na,no,no,yes,yes,na,na,na,na,na,na
Omar Albastaki,"Kristofferson, K., White, K., & Peloza, J. (2014). The Nature of Slacktivism: How the Social Observability of an Initial Act of Token Support Affects Subsequent Prosocial Action. Journal of Consumer Research, 40(6), 1149–1166. https://doi.org/10.1086/674137",https://doi.org/10.1086/674137,conbeh,506,201,212,na,no,no,yes,yes,na,na,na,na,na,na
Omar Albastaki,"Sen, S., Gürhan‐Canli, Z., & Morwitz, V. (2001). Withholding Consumption: A Social Dilemma Perspective on Consumer Boycotts. Journal of Consumer Research, 28(3), 399–417. https://doi.org/10.1086/323729",https://doi.org/10.1086/323729,conbeh,313,na,na,na,no,no,no,yes,na,na,na,na,na,na
Omar Albastaki,"Coleman, & Williams, P. (2013). Feeling Like My Self: Emotion Profiles and Social Identity. The Journal of Consumer Research, 40(2), 203–222.",https://doi.org/10.1086/669483,conbeh,295,100,195,na,no,no,no,yes,na,na,na,na,na,na
Omar Albastaki,"Coleman, & Williams, P. (2013). Feeling Like My Self: Emotion Profiles and Social Identity. The Journal of Consumer Research, 40(2), 203–222.",https://doi.org/10.1086/669484,conbeh,697,322,375,na,no,no,yes,yes,na,na,na,na,na,na
Omar Albastaki,"Escalas, & Bettman, J. R. (2005). Self‐Construal, Reference Groups, and Brand Meaning. The Journal of Consumer Research, 32(3), 378–389. https://doi.org/10.1086/497549",https://doi.org/10.1086/497549,conbeh,502,na,na,na,yes,no,yes,yes,na,na,na,na,na,na
Omar Albastaki,"Lee, & Labroo, A. A. (2004). The Effect of Conceptual and Perceptual Fluency on Brand Evaluation. Journal of Marketing Research, 41(2), 151–165. https://doi.org/10.1509/jmkr.41.2.151.28665",https://doi.org/10.1509/jmkr.41.2.151.28665,conbeh,236,na,na,na,no,no,yes,yes,na,na,na,na,na,na
Omar Albastaki,"Fitzsimons, Chartrand, T. L., & Fitzsimons, G. J. (2008). Automatic Effects of Brand Exposure on Motivated Behavior: How Apple Makes You “Think Different.” The Journal of Consumer Research, 35(1), 21–35. https://doi.org/10.1086/527269",https://doi.org/10.1086/527269,conbeh,341,190,151,na,no,no,yes,yes,na,na,na,na,na,na
Omar Albastaki,"Fitzsimons, Chartrand, T. L., & Fitzsimons, G. J. (2008). Automatic Effects of Brand Exposure on Motivated Behavior: How Apple Makes You “Think Different.” The Journal of Consumer Research, 35(1), 21–35. https://doi.org/10.1086/527269",https://doi.org/10.1086/527269,conbeh,136,na,na,na,na,no,yes,yes,na,na,na,na,na,na
Omar Albastaki,"Bos, Dijksterhuis, A., & van Baaren, R. B. (2011). The benefits of “sleeping on things”: Unconscious thought leads to automatic weighting. Journal of Consumer Psychology, 21(1), 4–8. https://doi.org/10.1016/j.jcps.2010.09.002",https://doi.org/10.1016/j.jcps.2010.09.002,conbeh,305,na,na,na,no,no,yes,yes,na,na,na,na,na,na
Omar Albastaki,"Kim, Park, K., & Schwarz, N. (2009). Will This Trip Really Be Exciting? The Role of Incidental Emotions in Product Evaluation. The Journal of Consumer Research, 36(6), 983–991. https://doi.org/10.1086/644763",https://doi.org/10.1086/644763,conbeh,197,na,na,na,no,no,no,yes,na,na,na,na,na,na
Omar Albastaki,"Liu, & Aaker, J. (2008). The Happiness of Giving: The Time‐Ask Effect. The Journal of Consumer Research, 35(3), 543–557. https://doi.org/10.1086/588699",https://doi.org/10.1086/588699,conbeh,442,184,258,na,no,no,yes,yes,na,na,na,na,na,na
Elif Ulutas,"Bono, G., Reil, K., & Hescox, J. (2020). Stress and wellbeing in college students during the COVID-19 pandemic: Can grit and gratitude help? International Journal of Wellbeing, 10(3), 39-57.",doi:10.5502/ijw.v10i3.1331 ,social,86,16,70,0,yes,yes,yes,yes,4,12,68,0,1,1
Elif Ulutas,"Covarrubias, R., Romero, A., & Trivelli, M. (2015). Family achievement guilt and mental well-being of college students. Journal of Child and Family Studies, 24, 2031-2037.",DOI:10.1007/s10826-014-0003-8,social,255,60,195,0,yes,no,yes,yes,0,0,102,0,153,0
Elif Ulutas,"Davis, W. E., Kelley, N. J., Kim, J., Tang, D., & Hicks, J. A. (2016). Motivating the academic mind: High-level construal of academic goals enhances goal meaningfulness, motivation, and self-concordence. Motivation and Emotion, 40, 193-202.",DOI 10.1007/s11031-015-9522-x,social,367,155,212,0,yes,no,yes,yes,na,na,0,na,303,na
Elif Ulutas,"Buhl, H. M. (2009). My mother: My best friend? Adults' relationships with significant others across the lifespan. Journal of Adult Development, 16, 239-249.",DOI 10.1007/s10804-009-9070-2 ,"dev,social",902,572,535,0,no,no,yes,yes,na,na,na,na,na,na
Elif Ulutas,"Hans S. Schroder, Megan E. Fisher, Yanli Lin, Sharon L. Lo, Judith H. Danovitch, & Jason S. Moser (2017). Neural evidence for enhanced attention to mistakes among school-aged children with a growth mindset. Developmental Cognitive Neuroscience, 24, 42-50.",https://doi.org/10.1016/j.dcn.2017.01.004,"dev,cog,neuro",123,61,62,0,yes,yes,yes,yes,4,3,0,0,102,14
Elif Ulutas,"Mangels, J. A., Butterfield, B., Lamb, J., Good, C., & Dweck, C. S. (2006). Why do beliefs about intelligence influence learning success? A social cognitive neuroscience model. Social Cognitive and Affective Neuroscience, 1(2), 75–86. ",https://doi.org/10.1093/scan/nsl013,"social,cog,neuro",47,22,25,0,no,no,yes,yes,na,na,na,na,na,na
Elif Ulutas,"Moser, J. S., Schroder, H. S., Heeter, C., Moran, T. P., & Lee, Y.-H. (2011). Mind Your Errors: Evidence for a Neural Mechanism Linking Growth Mind-Set to Adaptive Posterror Adjustments. Psychological Science, 22(12), 1484–1489. ",https://doi.org/10.1177/0956797611419520,neuro,25,5,20,0,no,no,yes,yes,na,na,na,na,na,na
Elif Ulutas,"Bauer, J. J., & McAdams, D. P. (2004). Personal growth in adults' stories of life transitions. Journal of Personality, 72(3), 573-602.",https://doi.org/10.1111/j.0022-3506.2004.00273.x,social,67,24,43,0,no,yes,yes,yes,na,na,na,na,na,na
Elif Ulutas,"Schimidt, J. A., Shumow, L., & Kackar-Cam, H. Z. (2017). Does mindset intervention predict students' daily experience in classrooms? A comparison of seventh and ninth graders' trajectories. Journal of Youth Adolescence, 46, 582-602.",DOI 10.1007/s10964-016-0489-z ,"dev,social",726,363,363,0,yes,yes,yes,yes,15,87,442,7,131,44
Elif Ulutas,"Limeri, L.B., Carter, N.T., Choe, J. et al. Growing a growth mindset: characterizing how and why undergraduate students’ mindsets change. IJ STEM Ed 7, 35 (2020)",https://doi.org/10.1186/s40594-020-00227-2,social,875,281,503,1,yes,yes,yes,yes,196,87,38,5,492,21